,id,code,name,area,area_land,area_water,population,population_growth,birth_rate,death_rate,migration_rate,created_at,updated_at,corrected_population_growth,in_2020,in_2025,in_2030,in_2035,in_2040,in_2045,in_2050,in_2100,pop_density
0,1,af,Afghanistan,652230.0,652230.0,0.0,32564342.0,2.32,38.57,13.89,1.51,2015-11-01 13:19:49.461734,2015-11-01 13:19:49.461734,2.32,36569621.644735575,41067534.152512975,46118671.33196354,51791077.53406532,58161166.2840887,65314749.65548745,73348194.25252932,233975845.58917716,49.92769728470018
1,2,al,Albania,28748.0,27398.0,1350.0,3029278.0,0.3,12.92,6.58,3.3,2015-11-01 13:19:54.431082,2015-11-01 13:19:54.431082,0.3,3075059.674152976,3121533.249705642,3168709.1834085584,3216598.090045834,3265210.744823495,3314558.0857939525,3364651.2163171098,3909166.997954586,105.37352163628775
2,3,ag,Algeria,2381741.0,2381741.0,0.0,39542166.0,1.84,23.67,4.31,0.92,2015-11-01 13:19:59.961286,2015-11-01 13:19:59.961286,1.84,43352639.79128013,47530309.211500585,52110559.00211305,57132183.74888359,62637716.4709333,68673788.87420346,75291526.32068166,188928303.44012228,16.602210735760103
3,4,an,Andorra,468.0,468.0,0.0,85580.0,0.12,8.13,6.96,0.0,2015-11-01 13:20:03.659945,2015-11-01 13:20:03.659945,0.12,86095.02352550687,86613.14648115894,87134.38751943855,87658.7654050794,88186.29901574198,88717.00734269325,89250.90949149033,94769.87751047654,182.86324786324786
4,5,ao,Angola,1246700.0,1246700.0,0.0,19625353.0,2.78,38.78,11.49,0.46,2015-11-01 13:20:08.625072,2015-11-01 13:20:08.625072,2.78,22551966.10337805,25915007.75185611,29779559.9594381,34220410.036892705,39323497.88539866,45187579.1165524,51926136.18364999,208475650.60871127,15.741840859870058
5,6,ac,Antigua and Barbuda,442.0,442.0,0.0,92436.0,1.24,15.85,5.69,2.21,2015-11-01 13:20:13.049627,2015-11-01 13:20:13.049627,1.24,98348.42329728053,104639.01905167976,111331.97606026659,118453.03029228654,126029.563849922,134090.71025881445,142667.46649321562,265208.5541234119,209.13122171945702
6,7,ar,Argentina,2780400.0,2736690.0,43710.0,43431886.0,0.93,16.64,7.33,0.0,2015-11-01 13:20:18.233063,2015-11-01 13:20:18.233063,0.93,45499160.34392355,47664832.97552551,49933587.464283034,52310330.308583535,54800201.546712615,57408585.87290463,60141124.28249586,95745523.19335598,15.620732988059272
7,8,am,Armenia,29743.0,28203.0,1540.0,3056382.0,0.15,13.61,9.34,5.8,2015-11-01 13:20:23.048753,2015-11-01 13:20:23.048753,0.15,3079391.0410491554,3102573.29865632,3125930.076829598,3149462.689393918,3173172.460064943,3197060.722523524,3221128.8204907244,3472003.703564659,102.75970816662745
8,9,as,Australia,7741220.0,7682300.0,58920.0,22751014.0,1.07,12.15,7.14,5.65,2015-11-01 13:20:28.186341,2015-11-01 13:20:28.186341,1.07,24001341.289102353,25320382.8047387,26711914.87409098,28179921.359922998,29728605.066111658,31362399.769991927,33085982.91596328,56492603.373114385,2.9389442490976876
9,10,au,Austria,83871.0,82445.0,1426.0,8665550.0,0.55,9.41,9.42,5.56,2015-11-01 13:20:33.093597,2015-11-01 13:20:33.093597,-0.55,8430494.205401083,8201814.373848312,7979337.555320033,7762895.49111883,7552324.486617872,7347465.287459039,7148162.959109236,5429545.316008675,103.31997949231558
10,11,aj,Azerbaijan,86600.0,82629.0,3971.0,9780780.0,0.96,16.64,7.07,0.0,2015-11-01 13:20:38.210262,2015-11-01 13:20:38.210262,0.96,10261707.362184474,10766282.237931028,11295667.390978303,11851082.75891996,12433808.264480589,13045186.765023915,13686627.14709025,22118607.784770902,112.94203233256351
11,12,bf,"Bahamas, The",13880.0,10010.0,3870.0,324597.0,0.85,15.5,7.05,0.0,2015-11-01 13:20:42.754219,2015-11-01 13:20:42.754219,0.85,338689.7216507268,353394.29369910015,368737.28027647646,384746.39882403665,401450.57016495074,418879.9707504774,437066.08717438485,668532.0997016982,23.385951008645534
12,13,ba,Bahrain,760.0,760.0,0.0,1346613.0,2.41,13.66,2.69,13.09,2015-11-01 13:20:47.686896,2015-11-01 13:20:47.686896,2.41,1519061.2585741305,1713593.3689195202,1933037.4054573744,2180583.607914784,2459830.760482151,2774838.5103198746,3130186.386011775,10444677.839567825,1771.8592105263158
13,14,bg,Bangladesh,148460.0,130170.0,18290.0,168957745.0,1.6,21.14,5.61,0.46,2015-11-01 13:20:52.753843,2015-11-01 13:20:52.753843,1.6,183029740.1420234,198273750.49576217,214787389.77147058,232676401.6390947,252055336.84877586,273048286.7467343,295789677.8835411,658292034.3554239,1138.0691432035565
14,15,bb,Barbados,430.0,430.0,0.0,290604.0,0.31,11.87,8.44,0.3,2015-11-01 13:20:57.219984,2015-11-01 13:20:57.219984,0.31,295143.45186873735,299753.81337143906,304436.1921696322,309191.7132273455,314021.5190813873,318926.7701158457,323908.6448408761,378214.50781922153,675.8232558139534
15,16,bo,Belarus,207600.0,202900.0,4700.0,9589689.0,0.2,10.7,13.36,0.7,2015-11-01 13:21:02.382438,2015-11-01 13:21:02.382438,-0.2,9494270.000156226,9399800.435224384,9306270.85816926,9213671.915955203,9121994.348610828,9031228.988303,8941366.758420054,8090483.211401358,46.193106936416186
16,17,be,Belgium,30528.0,30278.0,250.0,11323973.0,0.76,11.41,9.63,5.87,2015-11-01 13:21:07.317024,2015-11-01 13:21:07.317024,0.76,11762564.43537282,12218143.057767581,12691366.801880777,13182919.085030857,13693509.794131579,14223876.310892077,14774784.576724188,21604939.798754238,370.9372707023061
17,18,bh,Belize,22966.0,22806.0,160.0,347369.0,1.87,24.68,5.97,0.0,2015-11-01 13:21:12.255851,2015-11-01 13:21:12.255851,1.87,381414.84527206386,418797.5443805073,459844.14438309555,504913.74641704635,554400.6473386971,608737.7892771699,668400.5472808742,1702558.8691939604,15.125359226682923
18,19,bn,Benin,112622.0,110622.0,2000.0,10448647.0,2.78,36.02,8.21,0.0,2015-11-01 13:21:17.437291,2015-11-01 13:21:17.437291,2.78,12006792.080130367,13797294.143010221,15854803.214571632,18219136.474678893,20936048.80430824,24058118.239882253,27645763.47018501,110993594.93333746,92.77625153167232
19,20,bt,Bhutan,38394.0,38394.0,0.0,741919.0,1.11,17.78,6.69,0.0,2015-11-01 13:21:21.942736,2015-11-01 13:21:21.942736,1.11,784259.5880773548,829016.5118985528,876327.6693694119,926338.8280936914,979204.0744890184,1035086.2885334183,1094157.6456051627,1905958.0466835408,19.3238266395791
20,21,bl,Bolivia,1098581.0,1083301.0,15280.0,10800882.0,1.56,22.76,6.52,0.62,2015-11-01 13:21:27.041970,2015-11-01 13:21:27.041970,1.56,11677078.263821844,12624353.89808171,13648475.050286127,14755675.633157635,15952695.270992743,17246820.32432934,18645928.24264416,40675575.32579785,9.831666486130745
21,22,bk,Bosnia and Herzegovina,51197.0,51187.0,10.0,3867055.0,0.13,8.87,9.75,0.38,2015-11-01 13:21:32.191346,2015-11-01 13:21:32.191346,-0.13,3842000.657325794,3817108.6397508783,3792377.8955838075,3767807.3799469625,3743396.054732401,3719142.888558003,3695046.8567238892,3462508.1850909027,75.53284372131179
22,23,bc,Botswana,581730.0,566730.0,15000.0,2182719.0,1.21,20.96,13.39,4.56,2015-11-01 13:21:36.883097,2015-11-01 13:21:36.883097,1.21,2318849.9402011023,2463471.0400975365,2617111.81055249,2780334.786749572,2953737.5878403448,3137955.1050471137,3333661.826232439,6104775.582966334,3.752116961476974
23,24,br,Brazil,8515770.0,8358140.0,157630.0,204259812.0,0.77,14.46,6.58,0.14,2015-11-01 13:21:42.799461,2015-11-01 13:21:42.799461,0.77,212277158.39526486,220609191.4760422,229268262.92394277,238267209.23307732,247619370.7392998,257338611.396363,267439339.32830244,393032683.1936311,23.98606491250938
24,25,bx,Brunei,5765.0,5265.0,500.0,429646.0,1.62,17.32,3.52,2.43,2015-11-01 13:21:47.136638,2015-11-01 13:21:47.136638,1.62,465895.61822632235,505203.6492426023,547828.1340779997,594048.8849146559,644169.3219393897,698518.465172218,757453.0943472355,1702684.8603159578,74.5266261925412
25,26,bu,Bulgaria,110879.0,108489.0,2390.0,7186893.0,0.58,8.92,14.44,0.29,2015-11-01 13:21:52.018824,2015-11-01 13:21:52.018824,-0.58,6981466.188559791,6781911.201683896,6588060.201866233,6399750.148990043,6216822.663201535,6039123.891703097,5866504.379354026,4389691.496110721,64.81744063348334
26,27,uv,Burkina Faso,274200.0,273800.0,400.0,18931686.0,3.03,42.03,11.72,0.0,2015-11-01 13:21:56.976083,2015-11-01 13:21:56.976083,3.03,22028499.046274006,25631883.511679567,29824703.48870353,34703377.83736276,40380097.45105809,46985405.219011374,54671198.01457673,248722303.27747703,69.04334792122539
27,28,bm,Burma,676578.0,653508.0,23070.0,56320206.0,1.01,18.39,7.96,0.28,2015-11-01 13:22:03.329538,2015-11-01 13:22:03.329538,1.01,59237416.01430763,62305728.35710422,65532969.6550511,68927371.92952135,72497593.59477426,76252741.54376934,80202394.37795636,132894206.19056442,83.24273919636761
28,29,by,Burundi,27830.0,25680.0,2150.0,10742276.0,3.28,42.01,9.27,0.0,2015-11-01 13:22:08.382756,2015-11-01 13:22:08.382756,3.28,12656703.359876988,14912309.080489218,17569896.029719587,20701103.0169064,24390335.912728257,28737042.92229655,33858395.34448379,174545767.41307145,385.99626302551206
29,30,cb,Cambodia,181035.0,176515.0,4520.0,15708756.0,1.58,23.83,7.68,0.32,2015-11-01 13:22:16.286410,2015-11-01 13:22:16.286410,1.58,17000083.63754799,18397563.988111272,19909923.263499193,21546605.007847134,23317829.065434054,25234655.39590954,27309053.135408297,60172670.08299212,86.77192808020548
30,31,cm,Cameroon,475440.0,472710.0,2730.0,23739218.0,2.59,36.17,10.11,0.15,2015-11-01 13:22:21.712582,2015-11-01 13:22:21.712582,2.59,27021381.18750135,30757333.340982497,35009814.91967142,39850240.822941735,45359899.71069965,51631319.140742026,58769819.44879248,214568374.20855072,49.93104913343429
31,32,ca,Canada,9984670.0,9093507.0,891163.0,35099836.0,0.75,10.28,8.42,5.66,2015-11-01 13:22:27.097513,2015-11-01 13:22:27.097513,0.75,36441070.83080454,37833556.92304982,39279252.68978846,40780191.37894693,42338483.932915516,43956321.95740898,45635980.803773254,66399960.26717112,3.515372666297434
32,33,cv,Cabo Verde,4033.0,4033.0,0.0,545993.0,1.36,20.33,6.11,0.63,2015-11-01 13:22:32.226723,2015-11-01 13:22:32.226723,1.36,584411.9658722514,625534.2941295394,669550.2077000168,716663.314606856,767091.5498145883,821068.1833487529,878842.8993521947,1734728.4291601419,135.3813538308951
33,34,ct,Central African Republic,622984.0,622984.0,0.0,5391539.0,2.13,35.08,13.8,0.0,2015-11-01 13:22:37.631610,2015-11-01 13:22:37.631610,2.13,5997428.9731710395,6671407.605181271,7421126.558325513,8255097.372841134,9182788.098208237,10214730.78367499,11362641.048345286,32961192.114916235,8.654377961552784
34,35,cd,Chad,,1259200.0,24800.0,11631456.0,1.89,36.6,14.28,3.45,2015-11-01 13:22:42.673800,2015-11-01 13:22:42.673800,1.89,12784239.870178197,14051275.185002964,15443885.309539955,16974515.85809034,18656845.919373345,20505910.305143576,22538233.914766513,57986669.74566443,
35,36,ci,Chile,756102.0,743812.0,12290.0,17508260.0,0.82,13.83,6.0,0.34,2015-11-01 13:22:48.033636,2015-11-01 13:22:48.033636,0.82,18241017.545437697,19004442.5370063,19799818.47189809,20628482.564365305,21491827.993892204,22391306.247457873,23328429.559827637,35151692.5595007,23.15594985861696
36,37,ch,China,9596960.0,9326410.0,270550.0,1367485388.0,0.45,12.49,7.53,0.44,2015-11-01 13:22:53.813142,2015-11-01 13:22:53.813142,0.45,1398602564.7233207,1430427813.8660815,1462977247.640378,1496267344.8922417,1530314959.4444096,1565137328.6289296,1600752082.0139306,2004658195.2974675,142.4915168970174
37,38,co,Colombia,1138910.0,1038700.0,100210.0,46736728.0,1.04,16.47,5.4,0.64,2015-11-01 13:22:59.368304,2015-11-01 13:22:59.368304,1.04,49231335.55964516,51859094.65006584,54627112.33308397,57542875.01522332,60614268.695514604,63849600.2940423,67257620.11891836,113129176.69296478,41.036366350282286
38,39,cn,Comoros,2235.0,2235.0,0.0,780971.0,1.77,27.84,7.57,2.53,2015-11-01 13:23:04.316439,2015-11-01 13:23:04.316439,1.77,853237.5677954586,932191.2684305947,1018450.8907448347,1112692.482740385,1215654.650016065,1328144.3444877558,1451043.1887637654,3515854.997746024,349.42774049217
39,40,cg,"Congo, Democratic Republic of the",2344858.0,2267048.0,77810.0,79375136.0,2.45,34.88,10.07,0.27,2015-11-01 13:23:09.778305,2015-11-01 13:23:09.778305,2.45,89719233.87927495,101411365.49213646,114627205.40857562,129565321.95396411,146450160.70311067,165535416.78063756,187107846.63657492,636946185.3442546,33.85072187740153
40,41,cf,"Congo, Republic of the",342000.0,341500.0,500.0,4755097.0,2.0,35.85,10.0,5.9,2015-11-01 13:23:15.148002,2015-11-01 13:23:15.148002,2.0,5255194.917028759,5807888.591119149,6418709.566328229,7093771.144279912,7839829.5681423675,8664351.641380507,9575589.45803474,26029150.82055983,13.903792397660819
41,42,cs,Costa Rica,51100.0,51060.0,40.0,4814144.0,1.22,15.91,4.55,0.83,2015-11-01 13:23:20.788229,2015-11-01 13:23:20.788229,1.22,5116948.4303408,5438798.930561111,5780893.477775883,6144505.400559825,6530988.118472395,6941780.179693783,7378410.615522715,13579458.569911752,94.21025440313112
42,43,iv,Cote d'Ivoire,322463.0,318003.0,4460.0,23295302.0,1.91,28.67,9.55,0.0,2015-11-01 13:23:26.050986,2015-11-01 13:23:26.050986,1.91,25629696.772344775,28198018.4949884,31023708.712062307,34132558.01722201,37552941.44913278,41316077.47565972,45456312.93055838,118125983.22062634,72.2417827781792
43,44,hr,Croatia,56594.0,55974.0,620.0,4464844.0,0.13,9.45,12.18,1.39,2015-11-01 13:23:31.420107,2015-11-01 13:23:31.420107,-0.13,4435916.629801523,4407176.677740521,4378622.929549745,4350254.178829087,4322069.226994608,4294066.883227901,4266245.964425775,3997760.2840285455,78.89253277732622
44,45,cu,Cuba,110860.0,109820.0,1040.0,11031433.0,0.15,9.9,7.72,3.66,2015-11-01 13:23:36.605811,2015-11-01 13:23:36.605811,0.15,11114479.78365728,11198151.759732975,11282453.634797797,11367390.150854448,11452966.08560435,11539186.252716398,11626055.502097726,12531540.963016206,99.50778459318059
45,46,cy,Cyprus,9251.0,9241.0,10.0,1189197.0,1.43,11.41,6.62,9.48,2015-11-01 13:23:43.214032,2015-11-01 13:23:43.214032,1.43,1277338.0824595504,1372012.0189518146,1473703.012536499,1582931.1545086596,1700255.0843683372,1826274.8469422245,1961634.9612699074,4009948.0632807245,128.54794076316074
46,47,ez,Czech Republic,78867.0,77247.0,1620.0,10644842.0,0.16,9.63,10.34,2.33,2015-11-01 13:23:48.556068,2015-11-01 13:23:48.556068,-0.16,10560022.992397966,10475879.829871941,10392407.127230803,10309599.54219309,10227451.775045095,10145958.56830168,10065114.706369799,9291271.913706483,134.97206689743493
47,48,da,Denmark,43094.0,42434.0,660.0,5581503.0,0.22,10.27,10.25,2.2,2015-11-01 13:23:53.727410,2015-11-01 13:23:53.727410,0.22,5643238.455507369,5705656.7497531045,5768765.435426964,5832572.148756914,5897084.610433116,5962310.6265421435,6028258.089511529,6729212.308388011,129.51926022184063
48,49,dj,Djibouti,23200.0,23180.0,20.0,828324.0,2.2,23.65,7.73,6.06,2015-11-01 13:23:58.674323,2015-11-01 13:23:58.674323,2.2,924639.9164347741,1032155.2617870616,1152172.2840416324,1286144.654066184,1435695.0727719923,1602634.9256012284,1788986.222400136,5374411.6266427655,35.703620689655175
49,50,do,Dominica,751.0,751.0,0.0,73607.0,0.21,15.41,7.91,5.38,2015-11-01 13:24:03.301649,2015-11-01 13:24:03.301649,0.21,74383.94532478307,75169.09155488356,75962.5252534687,76764.33389740743,77574.6058869149,78393.43055529869,79220.89817880794,87991.49216911093,98.01198402130493
50,51,dr,Dominican Republic,48670.0,48320.0,350.0,10478756.0,1.23,18.73,4.55,1.91,2015-11-01 13:24:08.304893,2015-11-01 13:24:08.304893,1.23,11143428.69608414,11850261.91131003,12601929.908340747,13401276.57964793,14251326.207214773,15155294.9047323,16116602.785579856,29810180.704807904,215.3021573864804
51,52,ec,Ecuador,283561.0,276841.0,6720.0,15868396.0,1.35,18.51,5.06,0.0,2015-11-01 13:24:13.633296,2015-11-01 13:24:13.633296,1.35,16976490.21208231,18161962.930653263,19430217.51690825,20787034.65015766,22238598.676048752,23791525.7946908,25452894.21716424,49990323.57638281,55.96113710982822
52,53,eg,Egypt,1001450.0,995450.0,6000.0,88487396.0,1.79,22.9,4.77,0.19,2015-11-01 13:24:19.104564,2015-11-01 13:24:19.104564,1.79,96772234.91923398,105832761.2133982,115741600.42289147,126578177.82379045,138429355.06896847,151390126.43622452,165564380.26426783,405191633.2808902,88.3592750511758
53,54,es,El Salvador,21041.0,20721.0,320.0,6141350.0,0.25,16.46,5.69,8.28,2015-11-01 13:24:24.374752,2015-11-01 13:24:24.374752,0.25,6218598.673369075,6296819.015432701,6376023.248278467,6456223.747728895,6537433.0452751955,6619663.830035332,6702928.950736722,7595413.571544162,291.8753861508483
54,55,ek,Equatorial Guinea,28051.0,28051.0,0.0,740743.0,2.51,33.31,8.19,0.0,2015-11-01 13:24:29.392349,2015-11-01 13:24:29.392349,2.51,839791.5754013272,952084.4477977426,1079392.5805997073,1223723.7418893361,1387354.1687970764,1572864.465885868,1783180.3036938056,6255108.29766899,26.40700866279277
55,56,er,Eritrea,117600.0,101000.0,16600.0,6527689.0,2.25,30.0,7.52,0.0,2015-11-01 13:24:34.211837,2015-11-01 13:24:34.211837,2.25,7304955.661654731,8174773.218935754,9148161.91586459,10237454.201790133,11456450.978638513,12820596.452875635,14347173.807487527,44192406.49617853,55.507559523809526
56,57,en,Estonia,45228.0,42388.0,2840.0,1265420.0,0.55,10.51,12.4,3.6,2015-11-01 13:24:39.348509,2015-11-01 13:24:39.348509,-0.55,1231095.0807967917,1197701.2359232975,1165213.2096927576,1133606.4314869328,1102856.9971734034,1072941.6510269304,1043837.7681412038,792870.0698494265,27.978685769877067
57,58,et,Ethiopia,1104300.0,,104300.0,99465819.0,2.89,37.27,8.19,0.22,2015-11-01 13:24:44.456431,2015-11-01 13:24:44.456431,2.89,114928943.81269786,132795992.21821375,153440682.2528506,177294830.79227334,204857385.6955519,236704862.10162568,273503401.1701057,1160160988.32209,90.0713746264602
58,59,fj,Fiji,18274.0,18274.0,0.0,909389.0,0.67,19.43,6.04,6.75,2015-11-01 13:24:49.212655,2015-11-01 13:24:49.212655,0.67,940369.5585827966,972405.5456017215,1005532.9168056293,1039788.8528638259,1075211.8010959758,1111841.5186236438,1149719.1169918948,1607238.7853052837,49.764091058334245
59,60,fi,Finland,338145.0,303815.0,34330.0,5476922.0,0.4,10.72,9.83,3.1,2015-11-01 13:24:54.260412,2015-11-01 13:24:54.260412,0.4,5587563.163622019,5700439.427011323,5815595.942178304,5933078.77326447,6052934.914968712,6175212.3113458175,6299959.8749847235,7694788.367604739,16.196962841384615
60,61,fr,France,643801.0,640427.0,3374.0,66553766.0,0.43,12.38,9.16,1.09,2015-11-01 13:25:00.853401,2015-11-01 13:25:00.853401,0.43,68000165.0426412,69477998.37242028,70987949.14410904,72530715.35933872,74107010.18926355,75717562.30423704,77363116.21065268,95919580.02014573,103.37630106197412
61,62,gb,Gabon,267667.0,257667.0,10000.0,1705336.0,1.93,34.49,13.12,2.03,2015-11-01 13:25:05.823937,2015-11-01 13:25:05.823937,1.93,1878102.8758694336,2068372.6915687213,2277918.6626008106,2508693.648188531,2762848.3509046077,3042751.360098576,3351011.225914873,8795692.902489092,6.371110372216224
62,63,ga,"Gambia, The",11300.0,10120.0,1180.0,1967709.0,2.16,30.86,7.15,2.12,2015-11-01 13:25:10.760298,2015-11-01 13:25:10.760298,2.16,2192121.775026661,2442128.3210810325,2720647.550044764,3030931.269118586,3376602.146782906,3761696.008690602,4190708.9573110393,12340294.971060941,174.13353982300885
63,64,gg,Georgia,69700.0,69700.0,0.0,4931226.0,0.08,12.74,10.82,2.7,2015-11-01 13:25:16.492238,2015-11-01 13:25:16.492238,0.08,4950990.406460386,4970834.028872897,4990757.184735914,5010760.192820356,5030843.373174779,5051007.047130498,5071251.537306726,5278213.238668553,70.74929698708752
64,65,gm,Germany,357022.0,348672.0,8350.0,80854408.0,0.17,8.47,11.42,1.24,2015-11-01 13:25:21.942190,2015-11-01 13:25:21.942190,-0.17,80170058.13925964,79491500.60009432,78818686.35642664,78151566.79713485,77490093.72254057,76834219.34092642,76183896.26508301,69975844.59304506,226.4689795026637
65,66,gh,Ghana,238533.0,227533.0,11000.0,26327649.0,2.18,31.09,7.22,2.02,2015-11-01 13:25:27.116329,2015-11-01 13:25:27.116329,2.18,29359602.93780467,32740723.817213926,36511222.523884505,40715940.72357465,45404884.15366458,50633817.32978175,56464926.74023895,167942167.6126656,110.37319364616216
66,67,gr,Greece,131957.0,130647.0,1310.0,10775643.0,0.01,8.66,11.09,2.32,2015-11-01 13:25:32.471183,2015-11-01 13:25:32.471183,-0.01,10770256.52523091,10764872.743026009,10759491.65203935,10754113.250925656,10748737.538340334,10743364.512939453,10737994.173379755,10684438.204011166,81.66026053941815
67,68,gj,Grenada,344.0,344.0,0.0,110694.0,0.48,16.03,8.08,3.13,2015-11-01 13:25:36.974366,2015-11-01 13:25:36.974366,0.48,113382.79244858446,116136.89652048693,118957.89865579979,121847.42382974949,124807.13648872742,127838.74150905678,130943.98517904876,166462.42989856435,321.7848837209302
68,69,gt,Guatemala,108889.0,107159.0,1730.0,14918999.0,1.82,24.89,4.77,1.97,2015-11-01 13:25:42.434045,2015-11-01 13:25:42.434045,1.82,16340317.194182042,17897042.95887956,19602076.43864004,21469546.761949677,23514929.125310734,25755173.0318024,28208842.746801868,70079863.67658873,137.01107549890256
69,70,gv,Guinea,245857.0,245717.0,140.0,11780162.0,2.63,35.74,9.46,0.0,2015-11-01 13:25:47.374145,2015-11-01 13:25:47.374145,2.63,13435721.320110584,15323949.483179782,17477545.28158918,19933802.927586727,22735257.883979842,25930423.45852292,29574630.917738818,110158135.64928876,47.91469024676946
70,71,pu,Guinea-Bissau,36125.0,28120.0,8005.0,1726170.0,1.91,33.38,14.33,0.0,2015-11-01 13:25:52.373936,2015-11-01 13:25:52.373936,1.91,1899147.462330318,2089458.7923991766,2298840.996673947,2529205.1449939613,2782653.8132559746,3061500.274010594,3368289.6101257657,8753075.12458729,47.78325259515571
71,72,gy,Guyana,214969.0,196849.0,18120.0,735222.0,0.02,15.59,7.32,8.06,2015-11-01 13:25:57.634107,2015-11-01 13:25:57.634107,0.02,735957.5897335677,736693.9154247864,737430.9778099819,738168.7776262166,738907.3156112905,739646.5925037417,740386.609042847,747827.6181706081,3.4201303443752353
72,73,ha,Haiti,27750.0,27560.0,190.0,10110019.0,1.17,22.31,7.83,2.76,2015-11-01 13:26:03.555187,2015-11-01 13:26:03.555187,1.17,10719096.950027106,11364868.79244049,12049545.150262045,12775469.825465987,13545127.822342943,14361153.854231484,15226341.362737572,27331145.490389887,364.325009009009
73,74,ho,Honduras,112090.0,111890.0,200.0,8746673.0,1.68,23.14,5.17,1.16,2015-11-01 13:26:08.714864,2015-11-01 13:26:08.714864,1.68,9513134.279497527,10346759.713064719,11253434.821226308,12239560.866160095,13312100.045567501,14478624.646833006,15747370.508508189,36476689.017044835,78.03258988312963
74,75,hu,Hungary,93028.0,89608.0,3420.0,9897541.0,0.22,9.16,12.73,1.33,2015-11-01 13:26:14.152686,2015-11-01 13:26:14.152686,-0.22,9789264.660650643,9682172.834268989,9576252.562613387,9471491.029201737,9367875.557760673,9265393.610691734,9164032.787554285,8209453.388067727,106.3931396998753
75,76,ic,Iceland,103000.0,100250.0,2750.0,331918.0,1.21,13.91,6.28,4.43,2015-11-01 13:26:19.047094,2015-11-01 13:26:19.047094,1.21,352618.92825034715,374610.92366314406,397974.5069956148,422795.2208911658,449163.94308236265,477177.2191276238,506937.61589990224,928330.6288839836,3.222504854368932
76,77,in,India,3287263.0,2973193.0,314070.0,1251695584.0,1.22,19.55,7.32,0.04,2015-11-01 13:26:24.788193,2015-11-01 13:26:24.788193,1.22,1330425877.126507,1414108220.2043116,1503054091.7983499,1597594562.1370869,1698081525.4068775,1804889009.5563064,1918414568.4858003,3530710407.721392,380.7713541630226
77,78,id,Indonesia,1904569.0,1811569.0,93000.0,255993674.0,0.92,16.72,6.37,1.16,2015-11-01 13:26:30.435758,2015-11-01 13:26:30.435758,0.92,268044425.41225222,280662458.8488246,293874478.7768587,307708446.7605562,322193640.6382835,337360716.4854018,353241773.4939624,559561103.8050991,134.41029125224657
78,79,ir,Iran,1648195.0,1531595.0,116600.0,81824270.0,1.2,17.99,5.94,0.07,2015-11-01 13:26:36.034995,2015-11-01 13:26:36.034995,1.2,86884000.28039508,92256606.80778077,97961436.76876704,104019033.7131692,110451211.53297691,117281133.0159272,124533393.2565591,226914637.12920097,49.64477504178814
79,80,iz,Iraq,438317.0,437367.0,950.0,37056169.0,2.93,31.45,3.77,1.62,2015-11-01 13:26:41.627918,2015-11-01 13:26:41.627918,2.93,42902703.50037203,49671674.57706798,57508619.597101755,66582038.07549941,77087014.52661315,89249412.91055089,103330732.8581009,447168214.49539965,84.5419388250969
80,81,ei,Ireland,70273.0,68883.0,1390.0,4892305.0,1.25,14.84,6.48,4.09,2015-11-01 13:26:46.857349,2015-11-01 13:26:46.857349,1.25,5207831.563836138,5543707.8426811,5901246.280393511,6281843.966188521,6686988.0937942695,7118261.772693699,7577350.214159262,14156353.905651225,69.61855904828312
81,82,is,Israel,20770.0,20330.0,440.0,8049314.0,1.56,18.48,5.15,2.24,2015-11-01 13:26:52.148530,2015-11-01 13:26:52.148530,1.56,8702295.752150321,9408249.120098127,10171471.302150957,10996608.096767895,11888682.181930669,12853123.68861253,13895803.254448205,30313309.4063984,387.5452094366875
82,83,it,Italy,301340.0,294140.0,7200.0,61855120.0,0.27,8.74,10.19,4.1,2015-11-01 13:26:58.014646,2015-11-01 13:26:58.014646,-0.27,61025687.14871931,60207376.397836834,59400038.60795319,58603526.63952152,57817695.32603086,57042401.4475492,56277503.70462124,49170550.456809886,205.26687462666754
83,84,jm,Jamaica,10991.0,10831.0,160.0,2950210.0,0.68,18.16,6.7,4.66,2015-11-01 13:27:02.933921,2015-11-01 13:27:02.933921,0.68,3052241.8526153606,3157802.436727165,3267013.7921264665,3380002.1793024973,3496898.225413855,3617837.075308047,3742958.54776398,5258660.593260412,268.4205258848148
84,85,ja,Japan,377915.0,364485.0,13430.0,126919659.0,0.16,7.93,9.51,0.0,2015-11-01 13:27:08.040081,2015-11-01 13:27:08.040081,-0.16,125908352.34823678,124905103.87400065,123909849.36904682,122922525.13674727,121943067.9880141,120971415.23725551,120007504.69836375,110780889.27613057,335.8418136353413
85,86,jo,Jordan,89342.0,88802.0,540.0,8117564.0,0.83,25.37,3.79,13.24,2015-11-01 13:27:14.033319,2015-11-01 13:27:14.033319,0.83,8461530.853211695,8820072.66956607,9193807.036335351,9583377.709917204,9989455.724703327,10412740.54893431,10853961.289531704,16436921.397470945,90.85943900964831
86,87,kz,Kazakhstan,2724900.0,2699700.0,25200.0,18157122.0,1.14,19.15,8.21,0.41,2015-11-01 13:27:19.383522,2015-11-01 13:27:19.383522,1.14,19222142.705359966,20349633.063280802,21543257.2818586,22806894.496284775,24144651.37556903,25560875.46871986,27060169.333756078,47849605.83909843,6.6634085654519435
87,88,ke,Kenya,580367.0,569140.0,11227.0,45925301.0,1.93,26.4,6.89,0.22,2015-11-01 13:27:24.706164,2015-11-01 13:27:24.706164,1.93,50577974.00821268,55702007.37008642,61345154.40561841,67560006.30365299,74404482.24434817,81942369.17574395,90243916.27486873,236871117.51020047,79.1314823206695
88,89,kr,Kiribati,811.0,811.0,0.0,105711.0,1.15,21.46,7.12,2.87,2015-11-01 13:27:29.152429,2015-11-01 13:27:29.152429,1.15,111967.5341461824,118594.36295916718,125613.40242903102,133047.86564965502,140922.3395881643,149262.8663979879,158097.02954445395,280959.05741787975,130.34648581997533
89,90,kn,"Korea, North",120538.0,120408.0,130.0,24983205.0,0.53,14.52,9.21,0.04,2015-11-01 13:27:34.224496,2015-11-01 13:27:34.224496,0.53,25654110.164459296,26343031.98209412,27050454.276563674,27776873.864247344,28522800.903154403,29288759.251203436,30075286.834123135,39201060.46501545,207.26414076888616
90,91,ks,"Korea, South",99720.0,96920.0,2800.0,49115196.0,0.14,8.19,6.75,0.0,2015-11-01 13:27:39.881765,2015-11-01 13:27:39.881765,0.14,49460208.506974496,49807644.574062,50157521.225699335,50509855.60591244,50864664.97915642,51221966.73116157,51581778.36978523,55321879.30523644,492.53104693140796
91,92,kv,Kosovo,10887.0,10887.0,0.0,1870981.0,,,,,2015-11-01 13:27:43.834473,2015-11-01 13:27:43.834473,,,,,,,,,,171.8545972260494
92,93,ku,Kuwait,17818.0,17818.0,0.0,2788534.0,1.62,19.91,2.18,1.58,2015-11-01 13:27:48.601430,2015-11-01 13:27:48.601430,1.62,3023805.113686895,3278926.262171813,3555572.2106875447,3855559.025911111,4180855.997693297,4533598.566635197,4916102.342375988,11050945.718745895,156.50095409136827
93,94,kg,Kyrgyzstan,199951.0,191801.0,8150.0,5664939.0,1.11,22.98,6.65,5.22,2015-11-01 13:27:53.250053,2015-11-01 13:27:53.250053,1.11,5988231.500505234,6329973.986241188,6691219.37972998,7073080.692747116,7476734.455556126,7903424.341846231,8354465.000541655,14552984.990304077,28.331636250881466
94,95,la,Laos,236800.0,230800.0,6000.0,6911544.0,1.55,24.25,7.63,1.09,2015-11-01 13:27:57.793263,2015-11-01 13:27:57.793263,1.55,7468491.645255565,8070319.3751283595,8720643.727029774,9423372.667029569,10182729.073827785,11003276.11511751,11889944.668831628,25808220.29081267,29.187263513513514
95,96,lg,Latvia,64589.0,62249.0,2340.0,1986705.0,1.06,10.0,14.31,6.26,2015-11-01 13:28:02.736587,2015-11-01 13:28:02.736587,-1.06,1884151.3126986444,1786891.4454556787,1694652.1313457685,1607174.2094788533,1524211.8968467824,1445532.0977572189,1370913.748914554,806926.6456114913,30.759185000541887
96,97,le,Lebanon,10400.0,10230.0,170.0,6184701.0,0.86,14.59,4.88,1.1,2015-11-01 13:28:08.025061,2015-11-01 13:28:08.025061,0.86,6456443.742220479,6740126.288475058,7036273.248617924,7345432.282755876,7668175.114027899,8005098.585884142,8356825.765819506,12846593.281488163,594.6827884615385
97,98,lt,Lesotho,30355.0,30355.0,0.0,1947701.0,0.32,25.47,14.89,7.36,2015-11-01 13:28:12.551085,2015-11-01 13:28:12.551085,0.32,1979114.8566941365,2011035.3776002843,2043470.7345461268,2076429.2311601825,2109919.304997585,2143949.5297001367,2178528.617191215,2556527.015040647,64.16409158293527
98,99,li,Liberia,111369.0,96320.0,15049.0,4195666.0,2.47,34.41,9.69,0.0,2015-11-01 13:28:17.286151,2015-11-01 13:28:17.286151,2.47,4747186.314757045,5371203.977393953,6077248.76461882,6876103.142331305,7779966.931622557,8802643.620121565,9959751.163968846,34245394.47375835,37.6735536819043
99,100,ly,Libya,1759540.0,1759540.0,0.0,6411776.0,2.23,18.03,3.58,7.8,2015-11-01 13:28:22.197205,2015-11-01 13:28:22.197205,2.23,7168068.984924805,8013569.558986613,8958800.091317832,10015524.103885863,11196892.670116838,12517608.081785206,13994106.82102566,42675982.857483186,3.644006956363595
100,101,ls,Liechtenstein,160.0,160.0,0.0,37624.0,0.84,10.45,7.12,5.08,2015-11-01 13:28:25.748312,2015-11-01 13:28:25.748312,0.84,39237.86186851872,40920.94950066327,42676.23229948053,44506.807039013234,46415.903327812506,48406.88930680484,50483.27759156613,76833.60769598729,235.15
101,102,lh,Lithuania,65300.0,62680.0,2620.0,2884433.0,1.04,10.1,14.27,6.27,2015-11-01 13:28:31.246995,2015-11-01 13:28:31.246995,-1.04,2738275.5113742366,2599523.9883165383,2467803.162159448,2342756.7795241284,2224046.638794138,2111351.6754121766,2004367.093525878,1191637.4227764308,44.172021439509955
102,103,lu,Luxembourg,2586.0,2586.0,0.0,570252.0,2.13,11.37,7.24,17.16,2015-11-01 13:28:35.879147,2015-11-01 13:28:35.879147,2.13,634335.7373115045,705621.0721409657,784917.3050845483,873124.6842612847,971244.6258071107,1080391.0829268286,1201803.192576553,3486237.552193393,220.51508120649652
103,104,mk,Macedonia,25713.0,25433.0,280.0,2096015.0,0.2,11.55,9.08,0.48,2015-11-01 13:28:40.693382,2015-11-01 13:28:40.693382,0.2,2117080.300960922,2138357.3117161803,2159848.1599845807,2181554.9948688587,2203479.987070592,2225625.329107272,2247993.235531557,2484416.747940256,81.51577023295609
104,105,ma,Madagascar,587041.0,581540.0,5501.0,23812681.0,2.58,32.61,6.81,0.0,2015-11-01 13:28:45.650398,2015-11-01 13:28:45.650398,2.58,27091452.003608957,30821677.39381583,35065517.98116645,39893693.50592896,45386661.11818996,51635956.123021506,58745717.33301662,213410652.13543752,40.56391461584455
105,106,mi,Malawi,118484.0,94080.0,24404.0,17964697.0,3.32,41.56,8.41,0.0,2015-11-01 13:28:50.239559,2015-11-01 13:28:50.239559,3.32,21208638.058808833,25038347.61641426,29559599.707535777,34897268.31242395,41198776.29326774,48638167.115746476,57420911.813971855,301994424.20125127,151.62129063839842
106,107,my,Malaysia,329847.0,328657.0,1190.0,30513848.0,1.44,19.71,5.03,0.33,2015-11-01 13:28:55.500407,2015-11-01 13:28:55.500407,1.44,32791869.82115091,35239958.145144716,37870809.34526489,40698067.64691072,43736395.889823206,47001551.57308912,50510468.57731117,103770384.13041258,92.50909664177634
107,108,mv,Maldives,298.0,298.0,0.0,393253.0,0.08,15.75,3.89,12.68,2015-11-01 13:29:00.393682,2015-11-01 13:29:00.393682,0.08,394829.16222289676,396411.64172081207,398000.4638134517,399595.65392200305,401197.2375695418,402805.2403814406,404419.6880857787,420924.36865520343,1319.6409395973155
108,109,ml,Mali,1240192.0,1220190.0,20002.0,16955536.0,2.98,44.99,12.89,2.26,2015-11-01 13:29:05.487047,2015-11-01 13:29:05.487047,2.98,19679832.65276226,22841850.192216143,26511918.541665632,30771667.743422832,35715843.582707375,41454414.93326511,48115019.69650657,213490938.2921423,13.671702446072866
109,110,mt,Malta,316.0,316.0,0.0,413965.0,0.31,10.18,9.09,1.98,2015-11-01 13:29:10.056831,2015-11-01 13:29:10.056831,0.31,420431.44296995865,426998.8966163844,433668.93880160555,440443.1720353405,447323.22385970777,454310.74724025157,461407.4209630744,538766.0484005177,1310.01582278481
110,111,rm,Marshall Islands,181.0,181.0,0.0,72191.0,1.66,25.6,4.21,4.83,2015-11-01 13:29:13.841635,2015-11-01 13:29:13.841635,1.66,78438.53970090587,85226.75278650502,92602.43010934275,100616.41188696708,109323.93814129964,118785.02946566344,129064.90074407769,295986.95558673004,398.8453038674033
111,112,mr,Mauritania,1030700.0,1030700.0,0.0,3596702.0,2.23,31.34,8.2,0.83,2015-11-01 13:29:18.787357,2015-11-01 13:29:18.787357,2.23,4020946.46697218,4495232.157197361,5025461.620312848,5618233.63378485,6280925.325587572,7021783.983559784,7850029.69401873,23939200.76051869,3.4895721354419327
112,113,mp,Mauritius,2040.0,2030.0,10.0,1339827.0,0.64,13.29,6.91,0.0,2015-11-01 13:29:23.365611,2015-11-01 13:29:23.365611,0.64,1383394.8315804407,1428379.3803554312,1474826.7144338607,1522784.3999445941,1572301.549748344,1623428.8737335317,1676218.7307476443,2308367.353212559,656.7779411764706
113,114,mx,Mexico,1964375.0,1943945.0,20430.0,121736809.0,1.18,18.78,5.26,1.68,2015-11-01 13:29:28.845230,2015-11-01 13:29:28.845230,1.18,129135392.87391375,136983627.4639009,145308840.4004797,154140020.15749222,163507916.99025676,173445150.00826156,183986320.75522664,331909191.23410314,61.972285841552655
114,115,fm,"Micronesia, Federated States of",702.0,702.0,0.0,105216.0,0.46,20.54,4.23,20.93,2015-11-01 13:29:32.947601,2015-11-01 13:29:32.947601,0.46,107664.01222500004,110168.98122324511,112732.2321817524,115355.12112005522,118039.03560756907,120785.39549764797,123595.65367872032,155557.4909472777,149.8803418803419
115,116,md,Moldova,33851.0,32891.0,960.0,3546847.0,1.03,12.0,12.59,9.67,2015-11-01 13:29:38.300730,2015-11-01 13:29:38.300730,-1.03,3368808.2264574775,3199706.3495119964,3039092.7695737197,2886541.405114848,2741647.562345099,2604026.861625342,2473314.2177713616,1477806.7157961295,104.77820448435793
116,117,mn,Monaco,2.0,2.0,0.0,30535.0,0.12,6.65,9.24,3.83,2015-11-01 13:29:41.926640,2015-11-01 13:29:41.926640,-0.12,30352.338532386915,30170.769752239048,29990.287123060712,29810.88414745776,29632.554366903696,29455.291361507163,29279.088749780814,27574.007360209154,15267.5
117,118,mg,Mongolia,1564116.0,1553556.0,10560.0,2992908.0,1.31,20.25,6.35,0.84,2015-11-01 13:29:46.840320,2015-11-01 13:29:46.840320,1.31,3195506.135047467,3411818.6924309065,3642774.038938914,3889363.3850492365,4152645.0389901116,4433748.948770669,4733881.551673801,9113396.647350824,1.9134821202519505
118,119,mj,Montenegro,13812.0,13452.0,360.0,647073.0,0.42,10.42,9.43,,2015-11-01 13:29:51.428528,2015-11-01 13:29:51.428528,0.42,660805.2166192505,674828.8590486926,689150.1119419185,703775.2912035586,718710.8467746972,733963.3654774018,749539.5739196176,924690.5274139578,46.84860990443093
119,120,mo,Morocco,446550.0,446300.0,250.0,33322699.0,1.0,18.2,4.81,3.36,2015-11-01 13:29:56.754568,2015-11-01 13:29:56.754568,1.0,35031190.31193824,36827277.84658847,38715452.758327514,40700436.467941135,42787192.46863519,44980938.73735407,47287160.78244099,77963347.81302737,74.6225484268279
120,121,mz,Mozambique,799380.0,786380.0,13000.0,25303113.0,2.45,38.58,12.1,1.98,2015-11-01 13:30:01.471643,2015-11-01 13:30:01.471643,2.45,28600592.42129327,32327796.459231637,36540726.44773044,41302681.76526381,46685210.90960989,52769186.51581987,59646020.46958288,203044959.85600096,31.65342265255573
121,122,wa,Namibia,824292.0,823290.0,1002.0,2212307.0,0.59,19.8,13.91,0.0,2015-11-01 13:30:06.187817,2015-11-01 13:30:06.187817,0.59,2278542.2226705146,2346760.4905161387,2417021.1747899316,2489385.424286751,2563916.218561852,2640678.422742821,2719738.8439825466,3652952.9300959012,2.6838875058838374
122,123,nr,Nauru,21.0,21.0,0.0,9540.0,0.55,24.95,5.87,13.63,2015-11-01 13:30:09.924059,2015-11-01 13:30:09.924059,0.55,9805.990608123191,10079.397464004216,10360.427344608599,10649.292792177632,10946.21227497357,11251.410352506666,11565.117845369015,15225.832401887244,454.2857142857143
123,124,np,Nepal,147181.0,143351.0,3830.0,31551305.0,1.79,20.64,6.56,3.86,2015-11-01 13:30:15.197731,2015-11-01 13:30:15.197731,1.79,34505369.54967464,37736015.285567865,41269137.76658969,45133057.083775505,49358744.86276352,53980072.51990875,59034082.76195511,144476223.5414128,214.3707747603291
124,125,nl,Netherlands,41543.0,33893.0,7650.0,16947904.0,0.41,10.83,8.66,1.95,2015-11-01 13:30:20.205904,2015-11-01 13:30:20.205904,0.41,17298921.670275092,17657209.466982655,18022917.96584243,18396200.861233454,18777215.030786388,19166120.60131364,19563081.016105026,24014172.295174226,407.96052283176465
125,126,nz,New Zealand,267710.0,267710.0,,4438393.0,0.82,13.33,7.36,2.21,2015-11-01 13:30:25.001324,2015-11-01 13:30:25.001324,0.82,4624149.092288317,4817679.468156802,5019309.49774239,5229378.168607333,5448238.6556571135,5676258.914910636,5913822.302120945,8911052.62283288,16.57910798998917
126,127,nu,Nicaragua,130370.0,119990.0,10380.0,5907881.0,1.0,18.03,5.08,3.0,2015-11-01 13:30:29.965060,2015-11-01 13:30:29.965060,1.0,6210784.536129082,6529218.268651675,6863978.447763812,7215902.148282062,7585869.36276659,7974805.201960924,8383682.208050682,13822355.183203375,45.31626140983355
127,128,ng,Niger,,1266700.0,300.0,18045729.0,3.25,45.45,12.42,0.56,2015-11-01 13:30:34.606095,2015-11-01 13:30:34.606095,3.25,21229867.537230767,24975841.96506358,29382787.28163929,34567330.6888201,40666678.062122226,47842245.02307795,56283928.70821027,285833375.03906155,
128,129,ni,Nigeria,923768.0,910768.0,13000.0,181562056.0,2.45,37.64,12.9,0.22,2015-11-01 13:30:39.695455,2015-11-01 13:30:39.695455,2.45,205223063.37674832,231967552.41489917,262197359.73133087,296366688.9372468,334988935.058797,378644398.3101894,427989003.11892664,1456945648.2249043,196.5450805830035
129,130,no,Norway,323802.0,304282.0,19520.0,5207689.0,1.13,12.14,8.12,7.25,2015-11-01 13:30:44.570908,2015-11-01 13:30:44.570908,1.13,5510394.3325023735,5830694.9012650885,6169613.457808566,6528232.2027368955,6907696.241311815,7309217.239887516,7734077.294881629,13607705.147878615,16.082942662491277
130,131,mu,Oman,309500.0,309500.0,0.0,3286936.0,2.07,24.44,3.36,0.43,2015-11-01 13:30:49.185453,2015-11-01 13:30:49.185453,2.07,3645362.543860203,4042873.99455874,4483732.396770399,4972664.553212884,5514912.704556334,6116290.735763771,6783246.511496546,19095559.552289102,10.620148626817448
131,132,pk,Pakistan,796095.0,770875.0,25220.0,199085847.0,1.46,22.58,6.49,1.54,2015-11-01 13:30:54.514863,2015-11-01 13:30:54.514863,1.46,214162725.0854285,230381383.24326402,247828289.0914285,266596458.48697475,286785951.4277518,308504405.5089695,331867609.7787152,688652041.3669748,250.07800199724906
132,133,ps,Palau,459.0,459.0,0.0,21265.0,0.38,11.05,7.99,0.71,2015-11-01 13:30:58.370030,2015-11-01 13:30:58.370030,0.38,21672.897757849183,22088.619667161252,22512.31580806031,22944.13913945464,23384.245554256577,23832.793935661513,24289.946214506464,29372.607687008225,46.328976034858385
133,134,pm,Panama,75420.0,74340.0,1080.0,3657024.0,1.32,18.32,4.81,0.28,2015-11-01 13:31:03.548926,2015-11-01 13:31:03.548926,1.32,3906530.74211725,4173060.5101599414,4457774.729303199,4761914.064949081,5086803.8290271275,5433859.755149053,5804594.167783281,11230684.30014183,48.48878281622912
134,135,pp,Papua New Guinea,462840.0,452860.0,9980.0,6672429.0,1.78,24.38,6.53,0.0,2015-11-01 13:31:08.511762,2015-11-01 13:31:08.511762,1.78,7293503.070610839,7972387.1233414,8714462.149269601,9525610.005654577,10412260.036889564,11381440.034963666,12440831.943356853,30295038.7519825,14.416275602800104
135,136,pa,Paraguay,406752.0,397302.0,9450.0,6783272.0,1.16,16.37,4.68,0.07,2015-11-01 13:31:13.415534,2015-11-01 13:31:13.415534,1.16,7188335.058381714,7617586.4555570865,8072470.598073423,8554518.145208798,9065351.15955352,9606688.565158509,10180351.931617016,18182499.788428735,16.67667768074896
136,137,pe,Peru,1285216.0,1279996.0,5220.0,30444999.0,0.97,18.28,6.01,2.53,2015-11-01 13:31:18.485084,2015-11-01 13:31:18.485084,0.97,31957974.545374423,33546137.973031294,35213225.77273701,36963160.120506234,38800058.10634901,40728241.42059424,42752246.52157864,69437130.37229566,23.688624324627146
137,138,rp,Philippines,300000.0,298170.0,1830.0,100998376.0,1.61,24.27,6.11,2.09,2015-11-01 13:31:23.643550,2015-11-01 13:31:23.643550,1.61,109464953.37282038,118641274.16181168,128586835.33896342,139366121.43880576,151049022.66002467,163711288.01605377,177435016.47275686,396868280.11268204,336.6612533333333
138,139,pl,Poland,312685.0,304255.0,8430.0,38562189.0,0.09,9.74,10.19,0.46,2015-11-01 13:31:29.189900,2015-11-01 13:31:29.189900,-0.09,38389049.00665866,38216686.39287153,38045097.66828979,37874279.35823591,37704228.00363327,37534940.160936125,37366412.402059875,35722196.16150636,123.3259958104802
139,140,po,Portugal,92090.0,91470.0,620.0,10825309.0,0.09,9.27,11.02,2.67,2015-11-01 13:31:34.123130,2015-11-01 13:31:34.123130,-0.09,10776704.551529039,10728318.331693506,10680149.360670798,10632196.663037604,10584459.267750159,10536936.208124576,10489626.521817276,10028056.540227015,117.5514062330329
140,141,qa,Qatar,11586.0,11586.0,0.0,2194817.0,3.07,9.84,1.53,22.39,2015-11-01 13:31:38.827541,2015-11-01 13:31:38.827541,3.07,2558954.2316079927,2983504.6655208403,3478491.3224459006,4055600.1202763696,4728455.761683594,5512943.393609322,6427583.632572512,29832508.00977301,189.43699292249266
141,142,ro,Romania,238391.0,229891.0,8500.0,21666350.0,0.3,9.14,11.9,0.24,2015-11-01 13:31:43.927783,2015-11-01 13:31:43.927783,-0.3,21343780.072618816,21026012.585798718,20712976.040514585,20404600.002223086,20100815.08501464,19801552.936001275,19506746.219936937,16789612.065599065,90.88577169440121
142,143,rs,Russia,17098242.0,16377742.0,720500.0,142423773.0,0.04,11.6,13.69,1.69,2015-11-01 13:31:49.438160,2015-11-01 13:31:49.438160,-0.04,142139210.11174256,141855215.78051507,141571788.87033984,141288928.24750885,141006632.78057927,140724901.34036878,140443732.7999513,137662760.56476068,8.329731968935754
143,144,rw,Rwanda,26338.0,24668.0,1670.0,12661733.0,2.56,33.75,8.96,0.85,2015-11-01 13:31:54.249930,2015-11-01 13:31:54.249930,2.56,14390730.660498457,16355828.14319417,18589265.587744422,21127685.621684052,24012734.53336452,27291745.536862835,31018515.338765554,111562424.49558428,480.74010934771053
144,145,sc,Saint Kitts and Nevis,261.0,261.0,0.0,51936.0,0.76,13.5,7.09,1.21,2015-11-01 13:31:58.635300,2015-11-01 13:31:58.635300,0.76,53947.545310777656,56037.0002514327,58207.38235798337,60461.82603933819,62803.58710392701,65236.04746165422,67762.7200079643,99088.38120579236,198.98850574712642
145,146,st,Saint Lucia,616.0,606.0,10.0,163922.0,0.34,13.7,7.42,2.93,2015-11-01 13:32:03.001771,2015-11-01 13:32:03.001771,0.34,166732.4955261981,169591.17790408654,172498.87331276934,175456.42209645765,178464.67900733493,181524.5134525863,184636.80974566337,218850.90632385015,266.10714285714283
146,147,vc,Saint Vincent and the Grenadines,389.0,389.0,0.0,102627.0,0.28,13.57,7.18,9.17,2015-11-01 13:32:07.319951,2015-11-01 13:32:07.319951,0.28,104073.88254548065,105541.16390511759,107029.13167075458,108538.0774888372,110068.29711757648,111620.0904849184,113193.76174733082,130203.81833204212,263.82262210796915
147,148,ws,Samoa,2831.0,2821.0,10.0,197773.0,0.58,20.87,5.32,9.78,2015-11-01 13:32:11.721663,2015-11-01 13:32:11.721663,0.58,203592.39032313004,209583.0138466107,215749.90903792295,222098.26261941018,228633.41393061742,235360.85941899059,242286.25726271266,323798.0141767004,69.8597668668315
148,149,sm,San Marino,61.0,61.0,0.0,33020.0,0.82,8.63,8.45,8.03,2015-11-01 13:32:15.609471,2015-11-01 13:32:15.609471,0.82,34401.95652511173,35841.75084057171,37341.8035796861,38904.636684361685,40532.877645084125,42229.263918348195,43996.647528966816,66294.93098198868,541.311475409836
149,150,tp,Sao Tome and Principe,964.0,964.0,0.0,194006.0,1.84,34.23,7.24,8.63,2015-11-01 13:32:20.017940,2015-11-01 13:32:20.017940,1.84,212701.35367261095,233198.28177562106,255670.392708481,280308.02461316634,307319.8575328394,336934.68092589354,369403.3315061741,926940.229758895,201.25103734439833
150,151,sa,Saudi Arabia,2149690.0,2149690.0,0.0,27752316.0,1.46,18.51,3.33,0.55,2015-11-01 13:32:25.367075,2015-11-01 13:32:25.367075,1.46,29854013.791306514,32114874.28478112,34546950.957315795,37163210.10207926,39977599.95658364,43005125.065856956,46261926.27717827,95997226.09142256,12.909915383148268
151,152,sg,Senegal,196722.0,192530.0,4192.0,13975834.0,2.45,34.52,8.46,1.59,2015-11-01 13:32:30.247996,2015-11-01 13:32:30.247996,2.45,15797152.389180446,17855823.388213504,20182778.580362435,22812980.525603864,25785948.073966112,29146350.137239512,32944676.840493593,112149151.5089125,71.0435741808237
152,153,ri,Serbia,77474.0,77474.0,0.0,7176794.0,0.46,9.08,13.66,0.0,2015-11-01 13:32:35.153698,2015-11-01 13:32:35.153698,-0.46,7013611.529969152,6854139.423998548,6698293.317625159,6545990.764624307,6397151.193393684,6251695.864329095,6109547.828169376,4854241.045581834,92.63487105351473
153,154,se,Seychelles,455.0,455.0,0.0,92430.0,0.83,14.19,6.89,1.0,2015-11-01 13:32:39.656593,2015-11-01 13:32:39.656593,0.83,96346.5513499317,100429.05936411365,104684.55615114047,109120.37179228241,113744.14696752974,118563.84611664267,123587.77115787636,187157.70454883255,203.14285714285714
154,155,sl,Sierra Leone,71740.0,71620.0,120.0,5879098.0,2.35,37.03,10.81,2.77,2015-11-01 13:32:44.288780,2015-11-01 13:32:44.288780,2.35,6612113.521238941,7436522.612440006,8363720.372872453,9406522.661355795,10579343.238876296,11898392.997633604,13381904.03028966,43332518.11079923,81.9500696961249
155,156,sn,Singapore,697.0,687.0,10.0,5674472.0,1.89,8.27,3.43,14.05,2015-11-01 13:32:48.898593,2015-11-01 13:32:48.898593,1.89,6236864.171141584,6854994.559717557,7534387.3338123625,8281114.157186307,9101848.4511138,10003925.034066988,10995405.672238538,28289126.816541277,8141.279770444763
156,157,lo,Slovakia,49035.0,48105.0,930.0,5445027.0,0.02,9.91,9.74,0.04,2015-11-01 13:32:53.821199,2015-11-01 13:32:53.821199,0.02,5450474.750421232,5455927.951317668,5461386.60814251,5466850.726354415,5472320.311417501,5477795.368801357,5483275.9039810365,5538383.742984639,111.04368308351178
157,158,si,Slovenia,20273.0,20151.0,122.0,1983412.0,0.26,8.42,11.37,0.37,2015-11-01 13:32:58.683900,2015-11-01 13:32:58.683900,-0.26,1957794.5184088587,1932507.9087510689,1907547.8975294135,1882910.2664425895,1858590.8516723025,1834585.5431795744,1810890.2840101344,1590134.4842877367,97.8351501997731
158,159,bp,Solomon Islands,28896.0,27986.0,910.0,622469.0,2.02,25.77,3.85,1.75,2015-11-01 13:33:03.045506,2015-11-01 13:33:03.045506,2.02,688622.9149218365,761807.445761069,842769.7827669267,932336.5250590857,1031422.1199357454,1141038.1990830272,1262303.907005356,3465782.888333725,21.54170127353267
159,160,so,Somalia,637657.0,627337.0,10320.0,10616380.0,1.83,40.45,13.62,8.49,2015-11-01 13:33:07.439002,2015-11-01 13:33:07.439002,1.83,11633607.31174316,12748302.06566117,13969803.27789569,15308344.799012551,16775141.054151963,18382480.998523522,20143831.07541393,50294618.90764614,16.649044862676956
160,161,sf,South Africa,1219090.0,1214470.0,4620.0,53675563.0,1.33,20.75,9.91,2.42,2015-11-01 13:33:12.524623,2015-11-01 13:33:12.524623,1.33,57366346.459157705,61310911.74715981,65526709.14722239,70032388.8408589,74847883.41404377,79994496.03657961,85494994.70476246,166244206.82515317,44.02920457062235
161,162,od,South Sudan,644329.0,,,12042910.0,4.02,36.91,8.18,11.47,2015-11-01 13:33:16.279312,2015-11-01 13:33:16.279312,4.02,14723960.090838863,18001878.346397642,22009542.40565571,26909411.761650648,32900113.414988082,40224493.65696138,49179462.379051276,367041934.7054049,18.690622337346294
162,163,sp,Spain,505370.0,498980.0,6390.0,48146134.0,0.89,9.64,9.04,8.31,2015-11-01 13:33:21.563195,2015-11-01 13:33:21.563195,0.89,50337022.706368476,52627607.75229544,55022425.817390636,57526220.02276377,60143949.32514017,62880798.33845549,65742187.60238176,102590039.20610863,95.26907810119319
163,164,ce,Sri Lanka,65610.0,64630.0,980.0,22053488.0,0.84,15.85,6.11,1.35,2015-11-01 13:33:26.382488,2015-11-01 13:33:26.382488,0.84,22999460.872396212,23986010.758066222,25014878.18684367,26087878.347682167,27206904.291119315,28373930.269108783,29591015.21811271,45036387.55369348,336.12998018594726
164,165,su,Sudan,1861484.0,,,36108853.0,1.72,29.19,7.66,4.29,2015-11-01 13:33:31.360884,2015-11-01 13:33:31.360884,1.72,39351656.50723963,42885684.29087944,46737090.13389626,50934376.59448734,55508605.940948926,60493630.02984181,65926340.82867077,155794537.32616627,19.397885235650698
165,166,ns,Suriname,163820.0,156000.0,7820.0,579633.0,1.08,16.34,6.13,0.56,2015-11-01 13:33:36.140479,2015-11-01 13:33:36.140479,1.08,611793.7064009556,645738.8368015945,681567.3992576151,719383.8952472963,759298.6244718643,801428.0065675853,845894.9206679267,1451561.4885534786,3.5382309852276888
166,167,wz,Swaziland,17364.0,17204.0,160.0,1435613.0,1.11,24.67,13.56,0.0,2015-11-01 13:33:40.754202,2015-11-01 13:33:40.754202,1.11,1517542.0228063923,1604146.6544140493,1695693.727221475,1792465.3014898777,1894759.534382329,2002891.5985981303,2117194.653432739,3688028.139559033,82.67755125547109
167,168,sw,Sweden,450295.0,410335.0,39960.0,9801616.0,0.8,11.99,9.4,5.42,2015-11-01 13:33:45.540276,2015-11-01 13:33:45.540276,0.8,10201627.5372965,10617963.855115958,11051291.180390034,11502302.929287264,11971720.816826852,12460296.011776686,12968810.338683618,19347191.562273674,21.7670993459843
168,169,sz,Switzerland,41277.0,39997.0,1280.0,8121830.0,0.71,10.5,8.13,4.74,2015-11-01 13:33:50.341755,2015-11-01 13:33:50.341755,0.71,8415333.834695961,8719444.207694402,9034544.414344354,9361031.601387303,9699317.26751393,10049827.782009812,10413004.922143733,14850826.17289922,196.76405746541658
169,170,sy,Syria,185180.0,183630.0,1550.0,17064854.0,0.16,22.17,4.0,19.79,2015-11-01 13:33:55.539951,2015-11-01 13:33:55.539951,0.16,17201920.366445944,17340087.66166694,17479364.728417043,17619760.48047607,17761283.903220072,17903944.054196414,18047750.063703444,19550894.24463985,92.1527918781726
170,171,ti,Tajikistan,144100.0,141510.0,2590.0,8191958.0,1.71,24.38,6.18,1.15,2015-11-01 13:34:00.677000,2015-11-01 13:34:00.677000,1.71,8923184.96154501,9719682.383374404,10587276.408682812,11532313.231303032,12561705.516237969,13682982.963761732,14904347.386951355,35045700.6048659,56.84911866759195
171,172,tz,Tanzania,947300.0,885800.0,61500.0,51045882.0,2.79,36.39,8.0,0.54,2015-11-01 13:34:05.578128,2015-11-01 13:34:05.578128,2.79,58687389.57222514,67472821.70189792,77573422.5290998,89186071.23716868,102537119.58805887,117886803.93216145,135534317.69072542,546877525.6011319,53.88565607516098
172,173,th,Thailand,513120.0,510890.0,2230.0,67976405.0,0.34,11.19,7.8,0.0,2015-11-01 13:34:11.057976,2015-11-01 13:34:11.057976,0.34,69141882.3742361,70327342.23371626,71533127.18459085,72759585.7071031,74007072.25630237,75275947.36448406,76566577.74538597,90754736.05060394,132.47662340193327
173,174,tt,Timor-Leste,14874.0,14874.0,0.0,1231116.0,2.42,34.16,6.1,3.86,2015-11-01 13:34:15.540201,2015-11-01 13:34:15.540201,2.42,1389468.187614035,1568188.4114831025,1769896.5084856008,1997549.2917888293,2254483.8943946175,2544466.6877447134,2871748.492477503,9630364.495504102,82.76966518757564
174,175,to,Togo,56785.0,54385.0,2400.0,7552318.0,2.69,34.13,7.26,0.0,2015-11-01 13:34:20.618564,2015-11-01 13:34:20.618564,2.69,8639584.885547653,9883379.77751777,11306237.176979285,12933935.756763313,14795965.40754463,16926061.52205303,19362816.19732896,74318100.51669861,132.99846790525666
175,176,tn,Tonga,747.0,717.0,30.0,106501.0,0.03,23.0,4.85,17.84,2015-11-01 13:34:25.129188,2015-11-01 13:34:25.129188,0.03,106660.8713735543,106820.98273411416,106981.33444193024,107141.92685779397,107302.7603430383,107463.8352595387,107625.15196971376,109251.69784570861,142.57161981258366
176,177,td,Trinidad and Tobago,5128.0,5128.0,0.0,1222363.0,0.13,13.46,8.56,6.25,2015-11-01 13:34:29.974982,2015-11-01 13:34:29.974982,0.13,1230334.2379579828,1238357.4577205384,1246432.998269895,1254561.2007988421,1262742.4087251457,1270976.9677060577,1279265.2256529203,1365179.4301363945,238.3703198127925
177,178,ts,Tunisia,163610.0,155360.0,8250.0,11037225.0,0.89,16.64,5.98,1.73,2015-11-01 13:34:35.046977,2015-11-01 13:34:35.046977,0.89,11539473.666573059,12064577.14702138,12613575.449118083,13187555.906165775,13787655.330543678,14415062.265251856,15071019.337911908,23518177.91801606,67.46057698184707
178,179,tu,Turkey,783562.0,769632.0,13930.0,79414269.0,1.26,16.33,5.88,2.16,2015-11-01 13:34:40.298396,2015-11-01 13:34:40.298396,1.26,84578327.90293464,90078189.2339314,95935689.1634934,102174083.79927236,108818141.52009356,115894241.31417015,123430477.5119408,231754370.38006964,101.35033220089795
179,180,tx,Turkmenistan,488100.0,469930.0,18170.0,5231422.0,1.14,19.4,6.13,1.84,2015-11-01 13:34:44.904799,2015-11-01 13:34:44.904799,1.14,5538275.296930849,5863127.322665705,6207033.807228662,6571112.405343925,6956546.328679296,7364588.191141821,7796564.079722375,13786407.376564855,10.717930751895103
180,181,tv,Tuvalu,26.0,26.0,0.0,10869.0,0.82,23.74,8.74,6.81,2015-11-01 13:34:48.931477,2015-11-01 13:34:48.931477,0.82,11323.890535173816,11797.819197037368,12291.582771278261,12806.011390742799,13341.96993108478,13900.359464825151,14482.118776267122,21821.91413819609,418.03846153846155
181,182,ug,Uganda,241038.0,197100.0,43938.0,37101745.0,3.24,43.79,10.69,0.74,2015-11-01 13:34:53.888127,2015-11-01 13:34:53.888127,3.24,43626466.829130195,51298627.813683614,60320016.88043416,70927909.6055141,83401308.90513386,98068283.21567793,115314595.16792318,582695064.2015153,153.92487906471177
182,183,up,Ukraine,603550.0,579330.0,24220.0,44429471.0,0.6,10.72,14.46,2.25,2015-11-01 13:34:59.087093,2015-11-01 13:34:59.087093,-0.6,43116381.68987297,41842100.033709906,40605479.09200366,39405405.82243229,38240800.07804579,37110613.63506098,36013829.24938929,26679700.904467788,73.61357136939773
183,184,ae,United Arab Emirates,83600.0,83600.0,0.0,5779760.0,2.58,15.43,1.97,12.36,2015-11-01 13:35:03.986760,2015-11-01 13:35:03.986760,2.58,6575575.872048128,7480967.730331624,8511023.106000816,9682906.93424348,11016147.592304688,12532962.322117144,14258627.460413892,51798550.1416794,69.13588516746411
184,185,uk,United Kingdom,243610.0,241930.0,1680.0,64088222.0,0.54,12.17,9.35,2.54,2015-11-01 13:35:09.362933,2015-11-01 13:35:09.362933,0.54,65842175.81915872,67644131.50049645,69495402.74950959,71397339.22492741,73351327.52267317,75358792.18675381,77421196.74781567,101419015.47286302,263.0771396904889
185,186,us,United States,9826675.0,9161966.0,664709.0,321368864.0,0.78,12.49,8.15,3.86,2015-11-01 13:35:14.898271,2015-11-01 13:35:14.898271,0.78,334149859.1513818,347439160.66146433,361256984.1199757,375624349.1004245,390563111.1349241,406095994.9606704,422246629.0886483,623650161.4456215,32.70372369087204
186,187,uy,Uruguay,176215.0,175015.0,1200.0,3341893.0,0.27,13.07,9.45,0.9,2015-11-01 13:35:20.288353,2015-11-01 13:35:20.288353,0.27,3387314.460522189,3433353.268480686,3480017.814575675,3527316.603549847,3575258.255738412,3623851.508640181,3673105.2185099977,4204004.035377465,18.96486110717022
187,188,uz,Uzbekistan,447400.0,425400.0,22000.0,29199942.0,0.93,17.0,5.3,2.37,2015-11-01 13:35:25.635574,2015-11-01 13:35:25.635574,0.93,30589803.1481126,32045819.01704735,33571138.44443669,35169060.14653569,36843039.85215651,38596697.7761646,40433826.44869879,64371225.41732702,65.26585158694681
188,189,nh,Vanuatu,12189.0,12189.0,0.0,272264.0,1.95,25.04,4.09,1.47,2015-11-01 13:35:30.103661,2015-11-01 13:35:30.103661,1.95,300146.9487257974,330885.43042564,364771.8843478315,402128.6988656638,443311.27861048107,488711.4257142617,538761.0673301276,1428345.6762596269,22.336861104274345
190,191,ve,Venezuela,912050.0,882050.0,30000.0,29275460.0,1.39,19.16,5.31,0.0,2015-11-01 13:35:37.925984,2015-11-01 13:35:37.925984,1.39,31382475.198917825,33641136.62469154,36062358.5688419,38657840.846946985,41440125.334427744,44422656.57133055,47619846.72896087,95416318.99050689,32.09852530014802
191,192,vm,Vietnam,331210.0,310070.0,21140.0,94348835.0,0.97,15.96,5.93,0.3,2015-11-01 13:35:42.896553,2015-11-01 13:35:42.896553,0.97,99037535.4361395,103959242.58380708,109125535.79816875,114548569.87475096,120241103.6461632,126216529.99994552,132488907.38816404,215185172.3289336,284.8610700160019
192,193,ym,Yemen,527968.0,527968.0,0.0,26737317.0,2.47,29.98,6.28,1.0,2015-11-01 13:35:47.921006,2015-11-01 13:35:47.921006,2.47,30251937.441093,34228554.75513136,38727898.43316216,43818680.858106494,49578646.655932486,56095759.98404493,63469547.888739,218232330.17950553,50.64192716225226
193,194,za,Zambia,752618.0,743398.0,9220.0,15066266.0,2.88,42.13,12.67,0.68,2015-11-01 13:35:52.814734,2015-11-01 13:35:52.814734,2.88,17399791.178209215,20094742.323365804,23207098.57415817,26801509.348266456,30952637.230794843,35746708.85478155,41283305.98845403,174244276.89725664,20.01847683685482
194,195,zi,Zimbabwe,390757.0,386847.0,3910.0,14229541.0,2.21,32.26,10.13,0.0,2015-11-01 13:35:57.711444,2015-11-01 13:35:57.711444,2.21,15892068.619127428,17748839.895472012,19822549.548769545,22138543.86695249,24725130.505697384,27613924.48382022,30840234.60351067,93113590.93865444,36.41531949523617
195,196,tw,Taiwan,35980.0,32260.0,3720.0,23415126.0,0.23,8.47,7.11,0.89,2015-11-01 13:36:02.255373,2015-11-01 13:36:02.255373,0.23,23685954.226556532,23959914.95508208,24237044.41728229,24517379.263932467,24800956.569724657,25087813.83817088,25377989.006562978,28470891.76545567,650.7817120622568
196,197,ee,European Union,4324782.0,,,513949445.0,0.25,10.2,10.2,2.5,2015-11-01 13:36:06.493657,2015-11-01 13:36:06.493657,0.25,520414133.1882685,526960137.1436383,533588479.69254565,540300196.5269991,547096336.3664091,553977961.1214526,560946146.0599983,635635257.6616851,118.83823161491145
197,198,at,Ashmore and Cartier Islands,5.0,5.0,0.0,,,,,,2015-11-01 13:36:08.110412,2015-11-01 13:36:08.110412,,,,,,,,,,
198,199,kt,Christmas Island,135.0,135.0,0.0,1530.0,1.11,,,,2015-11-01 13:36:10.549660,2015-11-01 13:36:10.549660,1.11,1617.315596120807,1709.614207487321,1807.180209881672,1910.3142081323538,2019.333962289951,2134.5753666588,2256.3934847010237,3930.504288777909,11.333333333333334
199,200,ck,Cocos (Keeling) Islands,14.0,14.0,0.0,596.0,0.0,,,,2015-11-01 13:36:12.949429,2015-11-01 13:36:12.949429,0.0,596.0,596.0,596.0,596.0,596.0,596.0,596.0,596.0,42.57142857142857
200,201,cr,Coral Sea Islands,3.0,3.0,0.0,,,,,,2015-11-01 13:36:14.538308,2015-11-01 13:36:14.538308,,,,,,,,,,
201,202,hm,Heard Island and McDonald Islands,412.0,412.0,0.0,,,,,,2015-11-01 13:36:16.132554,2015-11-01 13:36:16.132554,,,,,,,,,,
202,203,nf,Norfolk Island,36.0,36.0,0.0,2210.0,0.01,,,,2015-11-01 13:36:18.632010,2015-11-01 13:36:18.632010,0.01,2211.105276296047,2212.2111053684257,2213.3174874935917,2214.4244229481405,2215.5319120088075,2216.6399549524635,2217.74855205612,2228.8650629342073,61.388888888888886
203,204,hk,Hong Kong,1108.0,1073.0,35.0,7141106.0,0.38,9.23,7.07,1.68,2015-11-01 13:36:23.189516,2015-11-01 13:36:23.189516,0.38,7278084.186031665,7417689.839496037,7559973.359550169,7704986.112090025,7852780.448294144,8003409.723522974,8156928.316580739,9863762.2849443,6445.041516245487
204,205,mc,Macau,28.0,28.0,0.0,592731.0,0.8,8.88,4.22,3.37,2015-11-01 13:36:27.392999,2015-11-01 13:36:27.392999,0.8,616920.8109978285,642097.8269100459,668302.336333495,695576.2720738467,723963.2782470357,753508.7801191566,784260.0567965813,1169978.5221026854,21168.964285714286
205,206,fo,Faroe Islands,1393.0,1393.0,0.0,50196.0,0.51,13.77,8.71,0.0,2015-11-01 13:36:31.157109,2015-11-01 13:36:31.157109,0.51,51492.457583151234,52822.3999512437,54186.69194616436,55586.220746855346,57021.89644623337,58494.65264300968,60005.44704879553,77434.72645979105,36.034458004307254
206,207,gl,Greenland,2166086.0,2166086.0,,57733.0,0.0,14.48,8.49,5.98,2015-11-01 13:36:35.145214,2015-11-01 13:36:35.145214,0.0,57733.0,57733.0,57733.0,57733.0,57733.0,57733.0,57733.0,57733.0,0.026653143042335344
207,208,ip,Clipperton Island,6.0,6.0,0.0,,,,,,2015-11-01 13:36:36.882778,2015-11-01 13:36:36.882778,,,,,,,,,,
208,209,fp,French Polynesia,4167.0,3827.0,340.0,282703.0,0.94,15.22,5.02,0.84,2015-11-01 13:36:40.733124,2015-11-01 13:36:40.733124,0.94,296307.2363328459,310566.1358500227,325511.2022592311,341175.45528987946,357593.5036470947,374801.621476426,392837.8285081843,628538.2444892119,67.84329253659708
209,210,fs,French Southern and Antarctic Lands,,,,,,,,,2015-11-01 13:36:43.532683,2015-11-01 13:36:43.532683,,,,,,,,,,
210,211,nc,New Caledonia,18575.0,18275.0,300.0,271615.0,1.38,15.33,5.52,4.01,2015-11-01 13:36:47.582833,2015-11-01 13:36:47.582833,1.38,291018.1459478281,311807.37908772106,334081.71623422916,357947.247587776,383517.6420305312,410914.6885187048,440268.87614985456,877770.8971834398,14.622611036339165
211,212,tb,Saint Barthelemy,,,,7237.0,,,,,2015-11-01 13:36:49.817701,2015-11-01 13:36:49.817701,,,,,,,,,,
212,213,rn,Saint Martin,54.0,54.0,,31754.0,,,,,2015-11-01 13:36:52.134085,2015-11-01 13:36:52.134085,,,,,,,,,,588.0370370370371
213,214,sb,Saint Pierre and Miquelon,242.0,242.0,0.0,5657.0,1.08,7.42,9.72,8.49,2015-11-01 13:36:55.432885,2015-11-01 13:36:55.432885,-1.08,5359.6234264806735,5077.87931300697,4810.945894084098,4558.0446026982745,4318.437799463578,4091.426621142769,3876.3489422668285,2258.9355716977575,23.376033057851238
214,215,wf,Wallis and Futuna,142.0,142.0,0.0,15613.0,0.33,13.45,5.06,5.06,2015-11-01 13:36:58.489862,2015-11-01 13:36:58.489862,0.33,15872.751557260686,16136.824569174503,16405.290931250052,16678.223735112653,16955.69728840399,17237.787135012823,17524.570075642285,20668.35735558806,109.95070422535211
215,216,aa,Aruba,180.0,180.0,0.0,112162.0,1.33,12.56,8.18,8.92,2015-11-01 13:37:02.407642,2015-11-01 13:37:02.407642,1.33,119874.3672525996,128117.04431278976,136926.49579419888,146341.6936524432,156404.2895923789,167158.7993302435,178652.79952583948,347388.67528828396,623.1222222222223
216,217,cc,Curacao,444.0,444.0,0.0,148406.0,0.43,13.8,8.2,1.4,2015-11-01 13:37:05.782750,2015-11-01 13:37:05.782750,0.43,151631.2764828095,154926.6472232,158293.63556497535,161733.79795845092,165248.72467995045,168840.04056693957,172509.40576913592,213887.83908140898,334.2477477477477
217,218,sk,Sint Maarten,34.0,34.0,0.0,39689.0,1.51,13.0,4.51,6.63,2015-11-01 13:37:08.571949,2015-11-01 13:37:08.571949,1.51,42801.53948490175,46158.17436260937,49778.047381697805,53681.80252687264,57891.702750753044,62431.75693856109,67327.85682979191,143247.524033881,1167.3235294117646
218,219,cw,Cook Islands,236.0,236.0,0.0,9838.0,2.95,14.33,8.03,,2015-11-01 13:37:12.581604,2015-11-01 13:37:12.581604,2.95,11401.585656155092,13213.67711675559,15313.770225601269,17747.638030684117,20568.328440870155,23837.320443434837,27625.864083049317,120753.64016510392,41.686440677966104
219,220,ne,Niue,260.0,260.0,0.0,1190.0,0.03,,,,2015-11-01 13:37:15.982898,2015-11-01 13:37:15.982898,0.03,1191.7863394196263,1193.5753603590188,1195.3670668434754,1197.1614629043372,1198.9585525789953,1200.7583399109028,1202.5608289495815,1220.735208461829,4.576923076923077
220,221,tl,Tokelau,12.0,12.0,0.0,1337.0,0.01,,,,2015-11-01 13:37:18.544305,2015-11-01 13:37:18.544305,0.01,1337.6686671528576,1338.337668722889,1339.0070048773448,1339.6766757835585,1340.346681608948,1341.0170225210152,1341.687698687345,1348.4129362638168,111.41666666666667
221,222,bv,Bouvet Island,49.0,49.0,0.0,,,,,,2015-11-01 13:37:20.214829,2015-11-01 13:37:20.214829,,,,,,,,,,
222,223,jn,Jan Mayen,377.0,377.0,0.0,,,,,,2015-11-01 13:37:21.875600,2015-11-01 13:37:21.875600,,,,,,,,,,
223,224,sv,Svalbard,62045.0,62045.0,0.0,1872.0,0.03,,,,2015-11-01 13:37:24.335698,2015-11-01 13:37:24.335698,0.03,1874.810107053395,1877.6244324303218,1880.4429824630135,1883.2657634932095,1886.0927818721675,1888.9240439606806,1891.7595561290896,1920.349840538272,0.030171649609154645
224,225,ax,Akrotiri,123.0,,,15700.0,,,,,2015-11-01 13:37:26.504715,2015-11-01 13:37:26.504715,,,,,,,,,,127.64227642276423
225,226,av,Anguilla,91.0,91.0,0.0,16418.0,2.03,12.67,4.57,12.18,2015-11-01 13:37:30.034876,2015-11-01 13:37:30.034876,2.03,18171.9336001588,20113.23978368744,22261.935548376205,24640.17630625577,27272.48433021598,30186.0016055583,33410.769693658935,92192.45497085122,180.41758241758242
226,227,bd,Bermuda,54.0,54.0,0.0,70196.0,0.5,11.33,8.23,1.88,2015-11-01 13:37:33.894038,2015-11-01 13:37:33.894038,0.5,71973.0202003328,73795.02588121139,75663.15585549759,77578.57776523817,79542.48881147894,81556.11650255456,83620.71942132109,107371.12909869054,1299.9259259259259
227,228,io,British Indian Ocean Territory,54400.0,60.0,54340.0,,,,,,2015-11-01 13:37:35.922896,2015-11-01 13:37:35.922896,,,,,,,,,,
228,229,vi,British Virgin Islands,151.0,151.0,0.0,33454.0,2.32,10.91,4.99,17.28,2015-11-01 13:37:39.647840,2015-11-01 13:37:39.647840,2.32,37568.7039063459,42189.49940822293,47378.63368280275,53206.01005310106,59750.129662312946,67099.14897020419,75352.06731719364,240368.06695926277,221.5496688741722
229,230,cj,Cayman Islands,264.0,264.0,0.0,56092.0,2.1,12.11,5.53,14.4,2015-11-01 13:37:43.647884,2015-11-01 13:37:43.647884,2.1,62301.97955607221,69199.46973909363,76860.58527019985,85369.86757776041,94821.21772328,105318.93261209554,116978.85592359204,334284.75841980247,212.46969696969697
230,231,dx,Dhekelia,130.0,,,15700.0,,,,,2015-11-01 13:37:45.262682,2015-11-01 13:37:45.262682,,,,,,,,,,120.76923076923077
231,232,fk,Falkland Islands (Islas Malvinas),12173.0,12173.0,0.0,3361.0,0.01,10.9,4.9,,2015-11-01 13:37:48.466688,2015-11-01 13:37:48.466688,0.01,3362.680920195029,3364.362681060307,3366.045283016272,3367.728726483575,3369.4130118830776,3371.09813963585,3372.7841101631757,3389.690260869625,0.2761028505709357
232,233,gi,Gibraltar,6.0,6.0,0.0,29258.0,0.24,14.08,8.37,3.28,2015-11-01 13:37:51.980087,2015-11-01 13:37:51.980087,0.24,29611.211027643705,29968.686120843806,30330.476756631444,30696.635033483355,31067.213678824133,31442.266056619057,31821.846175058636,35879.03137382181,4876.333333333333
233,234,gk,Guernsey,78.0,78.0,0.0,66080.0,0.34,9.84,8.78,2.32,2015-11-01 13:37:55.085750,2015-11-01 13:37:55.085750,0.34,67212.9628992519,68365.35081259403,69537.49678815411,70729.73958427741,71942.42376743018,73175.89981178184,74430.52420049436,88222.86142116383,847.1794871794872
234,235,je,Jersey,116.0,116.0,0.0,97294.0,0.8,11.91,7.68,3.76,2015-11-01 13:37:58.442238,2015-11-01 13:37:58.442238,0.8,101264.64346427422,105397.33196236743,109698.67867756379,114175.56668227719,118835.15995243557,123684.91483137076,128732.59196155859,192046.46007962918,838.7413793103449
235,236,im,Isle of Man,572.0,572.0,0.0,87545.0,0.76,11.1,10.06,6.56,2015-11-01 13:38:01.914270,2015-11-01 13:38:01.914270,0.76,90935.72578234808,94457.77855459943,98116.24477298318,101916.40789844928,105863.75602690408,109963.98981497456,114223.0307127471,167026.5775697222,153.0506993006993
236,237,mh,Montserrat,102.0,102.0,0.0,5241.0,0.5,11.26,6.3,0.0,2015-11-01 13:38:05.670256,2015-11-01 13:38:05.670256,0.5,5373.676546668532,5509.711816106743,5649.190834786354,5792.200781634469,5938.831042523237,6089.1732661389315,6243.321421265368,8016.583389455768,51.38235294117647
237,238,pc,Pitcairn Islands,47.0,47.0,0.0,48.0,0.0,,,,2015-11-01 13:38:08.047849,2015-11-01 13:38:08.047849,0.0,48.0,48.0,48.0,48.0,48.0,48.0,48.0,48.0,1.0212765957446808
238,239,sh,"Saint Helena, Ascension, and Tristan da Cunha",308.0,122.0,0.0,7795.0,0.24,9.88,7.44,0.0,2015-11-01 13:38:11.767274,2015-11-01 13:38:11.767274,0.24,7889.1034917110765,7984.343027957395,8080.73232339675,8178.285258254246,8277.015880321078,8376.938406977426,8478.067227239799,9558.994106191161,25.308441558441558
239,240,sx,South Georgia and South Sandwich Islands,3903.0,3903.0,0.0,,,,,,2015-11-01 13:38:13.551151,2015-11-01 13:38:13.551151,,,,,,,,,,
240,241,tk,Turks and Caicos Islands,948.0,948.0,0.0,50280.0,2.3,16.13,3.1,9.94,2015-11-01 13:38:17.164473,2015-11-01 13:38:17.164473,2.3,56407.79644111706,63282.40849925415,70994.85316088989,79647.23996552253,89354.12289323784,100244.01701146217,112461.09996066894,355173.84851169685,53.037974683544306
241,242,aq,American Samoa,199.0,199.0,0.0,54343.0,0.3,22.89,4.75,21.13,2015-11-01 13:38:20.926072,2015-11-01 13:38:20.926072,0.3,55164.28927041202,55997.99073863597,56844.2919910194,57703.38344891448,58575.458411523534,59460.71309939225,60359.34669856009,70127.55586309545,273.08040201005025
242,243,gq,Guam,544.0,544.0,0.0,161785.0,0.54,16.82,5.12,6.34,2015-11-01 13:38:24.699655,2015-11-01 13:38:24.699655,0.54,166212.69997009114,170761.57635965964,175434.94550105333,180236.21448734967,185168.88365627744,190236.54914211793,195442.90549744628,256023.25834967216,297.39889705882354
243,244,bq,Navassa Island,5.0,5.0,0.0,,,,,,2015-11-01 13:38:26.425234,2015-11-01 13:38:26.425234,,,,,,,,,,
244,245,cq,Northern Mariana Islands,464.0,464.0,0.0,52344.0,2.18,18.32,3.71,7.16,2015-11-01 13:38:30.017480,2015-11-01 13:38:30.017480,2.18,58372.058066272744,65094.32146745217,72590.73652152573,80950.4563523614,90272.90116711214,100668.94063765799,112262.21244787438,333898.58781227935,112.8103448275862
245,246,rq,Puerto Rico,13791.0,8870.0,4921.0,3598357.0,0.6,10.86,8.67,8.15,2015-11-01 13:38:34.502065,2015-11-01 13:38:34.502065,0.6,3707943.2854333753,3820866.970117321,3937229.69299063,4057136.1883586077,4180694.3801610162,4308015.479110908,4439214.082791766,5992312.228371894,260.92067290261764
246,247,vq,Virgin Islands,1910.0,346.0,1564.0,103574.0,0.59,10.31,8.54,7.67,2015-11-01 13:38:38.270075,2015-11-01 13:38:38.270075,0.59,106674.94708956573,109868.73478442122,113158.14267987778,116546.03359076112,120035.35604295661,123629.14683955027,127330.53370379802,171020.99608316246,54.227225130890055
247,248,wq,Wake Island,6.0,6.0,0.0,,,,,,2015-11-01 13:38:40.217471,2015-11-01 13:38:40.217471,,,,,,,,,,
248,249,um,United States Pacific Island Wildlife Refuges,,,,,,,,,2015-11-01 13:38:42.851318,2015-11-01 13:38:42.851318,,,,,,,,,,
249,250,ay,Antarctica,,280000.0,,0.0,,,,,2015-11-01 13:38:44.885746,2015-11-01 13:38:44.885746,,,,,,,,,,
250,251,gz,Gaza Strip,360.0,360.0,0.0,1869055.0,2.81,31.11,3.04,0.0,2015-11-01 13:38:48.049460,2015-11-01 13:38:48.049460,2.81,2151000.2264060765,2475476.630703212,2848900.0019290824,3278653.944992378,3773235.874806135,4342425.033501703,4997475.852884788,20367346.47727069,5191.819444444444
251,252,pf,Paracel Islands,7.0,7.0,0.0,,,,,,2015-11-01 13:38:49.622992,2015-11-01 13:38:49.622992,,,,,,,,,,
252,253,pg,Spratly Islands,5.0,5.0,0.0,,,,,,2015-11-01 13:38:51.305215,2015-11-01 13:38:51.305215,,,,,,,,,,
253,254,we,West Bank,5860.0,5640.0,220.0,2785366.0,1.95,22.99,3.5,0.0,2015-11-01 13:38:55.084643,2015-11-01 13:38:55.084643,1.95,3070619.3473414755,3385085.901194955,3731757.428152022,4113932.08593372,4535245.801347814,4999706.861707865,5511734.048809421,14612528.585859945,475.3184300341297
254,255,wi,Western Sahara,266000.0,266000.0,0.0,570866.0,2.82,30.24,8.34,,2015-11-01 13:38:58.291161,2015-11-01 13:38:58.291161,2.82,657309.1830964589,756841.9947639799,871446.5274011873,1003405.0110504396,1155345.261634881,1330293.0111787848,1531732.1621130975,6273906.626996768,2.146112781954887
255,256,xq,Arctic Ocean,,,,,,,,,2015-11-01 13:38:59.784157,2015-11-01 13:38:59.784157,,,,,,,,,,
256,257,zh,Atlantic Ocean,,,,,,,,,2015-11-01 13:39:01.255361,2015-11-01 13:39:01.255361,,,,,,,,,,
257,258,xo,Indian Ocean,,,,,,,,,2015-11-01 13:39:02.723888,2015-11-01 13:39:02.723888,,,,,,,,,,
258,259,zn,Pacific Ocean,,,,,,,,,2015-11-01 13:39:04.179530,2015-11-01 13:39:04.179530,,,,,,,,,,
259,260,oo,Southern Ocean,,,,,,,,,2015-11-01 13:39:05.806048,2015-11-01 13:39:05.806048,,,,,,,,,,
260,261,xx,World,,,,7256490011.0,1.08,18.6,7.8,,2015-11-01 13:39:09.910721,2015-11-01 13:39:09.910721,1.08,7659113472.302648,8084076336.173974,8532618095.477884,9006047015.84671,9505743951.51091,10033166372.848553,10589852617.401781,18172259760.987743,
